Core 1.0.7d,Core 1.0.7d
Spanish,Espanhol
stealth,sigilo
"Note that a turn does not progress until all the character’s pop-up text is gone, so adjusting this number will also adjust how quickly combat turns pass","Note que um turno nao progride ate que todo o texto de pop-up do personagem desapareca, portanto, ajustar esse numero tambem ajustara a rapidez com que os turnos de combate passam"
On,Ligado
If enabled it will use the game’s blended lighting system,Se ativado usara o sistema de iluminacao combinada do jogo
"This is what a quote looks like.","Assim e como uma citacao se parece."
Core 1.0.7d,Core 1.0.7d
Core 1.0.7d,Core 1.0.7d
vitality,vitalidade
salt,sal
noble,nobre
A member of the ‘old breed’  forged and tempered by the hardships of soldiering,Um membro da velha guarda forjado e temperado pelas dificuldades da vida militar
Spanish,Espanhol
stealth,sigilo
"Note that a turn does not progress until all the character’s pop-up text is gone, so adjusting this number will also adjust how quickly combat turns pass","Note que um turno nao progride ate que todo o texto de pop-up do personagem desapareca, portanto, ajustar esse numero tambem ajustara a rapidez com que os turnos de combate passam"
On,Ligado
TWO-HANDED INITIATE,INICIADO DE DUAS MAOS
You can't make camp on this map,Voce nao pode acampar neste mapa
HP,PV
Alerted,Alertado
Rabid Rat begun,Rato Raivoso iniciado
Saved,Salvo
Immune,Inmune
Gained,Ganhou
XP!,XP!
Let’s go,Vamos
SKALD Core 1.0.7d,SKALD Core 1.0.7d
Press TAB to exit or ESC to clear console,Pressione TAB para sair ou ESC para limpar o console
Some helpful commands,Alguns comandos uteis
heals the party fully - adds 1000 gold. - Wins any combat,cura o grupo totalmente - adiciona 1000 de ouro - ganha qualquer combate
crafting,artesanato
potatoes,batatas
perklin,perklin
Blunt Damage,Dano de Contusao
Aaron is occupied!,Aaron esta ocupado!
Key,chave
TWO-HANDER,DUAS MAOS
development points,pontos de desenvolvimento
I believe you - but my contract with these men does not mention your survival,Eu acredito em voce - mas meu contrato com esses homens nao menciona sua sobrevivencia
Some pierce straight through the deck - Others snap the masts like they were matchsticks,Alguns perfuram direto o conves - Outros quebram os mastros como se fossem palitos de fosforo
Berryn,Berryn
Save Game,Salvar Jogo
OVERWRITE,SOBREESCREVER
Type a name and press 'Save'!,Digite um nome e pressione Salvar!
Name must be between 3 and 60 characters long and must be a valid file-name,O nome deve ter entre 3 e 60 caracteres e deve ser un nome de arquivo valido
Come here whelp!,Venha aqui seu moleque!
will automatically,ira automaticamente
FAIL,FALHAR
this skill check due to having low Skill Score versus the Difficulty,neste teste de pericia por ter nivel de Pericia baixo contra a Dificuldade
Woof,Auau
I hear master Cato isn't seeing anyone,Ouvi dizer que o mestre Cato nao esta vendo ninguem
Sub-Quest Started,Sub-Missao Iniciada
Sub-Quest Failed,Sub-Missao Falhou
Quest Failed,Missao Falhou
Hard were the years that followed  the mercenary life is bloody and unforgiving,Duros foram os anos que se seguiram a vida mercenaria e sangrenta e implacavel
BERRYN,BERRYN
Achievement Unlocked,Conquista Desbloqueada
Fog and Rain Night,Noite de Nevoa e Chuva
Fog and Rain Day,Dia de Nevoa e Chuva
Water blocks your path!,A agua bloqueia o seu caminho!
Thief Feats,Talentos de Ladrao
Kat reaches Level,Kat alcanca o Nivel
Female Human,Humana Femea
Trinket,Baratja
reaches Level,alcanca o Nivel
This item cannot be used like this,Este item nao pode ser usado assim
You scale the wall,Voce escala a parede
Tonight's Meal,Refeicao de Hoje a Noite
Party's Food,Comida do Grupo
Activities,Atividades
Train,Treinar
Begin Rest,Comecar Descanso
Manage Party,Gerenciar Grupo
"0,03 lb","0,03 lb"
A Comfortable Camp,Um Acampamento Confortavel
Foggy Day,Dia de Nevoa
LORE 5+,CONHECIMENTO 5+
A LORE score of 5 or higher is required to succeed,Um nivel de CONHECIMENTO de 5 ou mais e necessario para ter sucesso
Lore (,Conhecimento (
) + Static Bonus (,) + Bonus Estatico (
does not beat Difficulty (,nao supera a Dificuldade (
STATIC TEST,TESTE ESTATICO
Ragnar only has a LORE score of,Ragnar tem apenas um nivel de CONHECIMENTO de
ration,racao
Next,Siguiente
Prev,Anterior
ROTCRAWLER INSECT,INSETO ROTCRAWLER
presence,presenca
Overcast Day,Dia Nublado
Giant Bat recovers from surprise!,Morcego Gigante se recupera da surpresa!
Disengages,Desengaja
Giant Bat Disengages,Morcego Gigante Desengaja
Miss,Erro
Masterwork Full Helmet of Crafting,Elmo Completo de Artesanato Obra-Prima
Masterwork Full Helmet of Crafting,Elmo Completo de Artesanato Obra-Prima
MASTERWORK FULL HELMET OF CRAFTING,ELMO COMPLETO DE ARTESANATO OBRA-PRIMA
Enchanted,Encantado
Save3 Ragnar 07.14.25 01.09.11_,Save3 Ragnar 07.14.25 01.09.11_
Save3 Ragnar 07.14.25 01.09.11,Save3 Ragnar 07.14.25 01.09.11
Giant Lee,Sanguessuga Gigante
Albino Le,Sanguessuga Albina
Select Ability!,Selecione a Habilidade!
Backstab!,Apunhalada pelas Costas!
#Afraid,#ComMedo
SAVE3 RAGNAR 07.14.25 01.09.11,SAVE3 RAGNAR 07.14.25 01.09.11
Save4 Ragnar 07.14.25 01.12.35_,Save4 Ragnar 07.14.25 01.12.35_
Save4 Ragnar 07.14.25 01.12.35,Save4 Ragnar 07.14.25 01.12.35
SAVE4 RAGNAR 07.14.25 01.12.35,SAVE4 RAGNAR 07.14.25 01.12.35
Are you sure you want to overwrite the following save,Tem certeza de que deseja sobrescrever o seguinte salvamento
Giant Cra,Caranguejo Gigante
Crab recovers from surprise!,Caranguejo se recupera da surpresa!
Ragnar is too hurt to force a lock,Ragnar esta muito ferido para arrombar uma fechadura
Necklace,Colar
You cannot make camp in this area,Voce nao pode acampar nesta area
"However, you can sleep in a bed if you can find one!","No entanto, voce pode dormir em uma cama se encontrar uma!"
Like I said gutting the bastard will go a long way towards setting things right,Como eu disse esfaquear o bastardo vai ajudar muito a consertar as coisas
Crab Disengages,Caranguejo Desengaja
is Flat-Footed,esta Desprevenido
A Rough Camp,Um Acampamento Improvisado
ACTIVITY,ATIVIDADE
The character attempts to instruct the party using their Lore skill,O personagem tenta instruir o grupo usando sua habilidade de Conhecimento
Success gives a small XP reward,O sucesso concede uma pequena recompensa de EXP
Kat must roll,Kat deve rolar
versus,contra
Ragnar must roll,Ragnar deve rolar
Forage,Forragear
The character has a chance to find some extra food depending on their Survival skill,O personagem tem a chance de encontrar comida extra dependendo de sua habilidade de Sobrevivencia
The food found cannot be consumed until the next rest period,A comida encontrada nao pode ser consumida ate o proximo periodo de descanso
Fletch,Fazer Flechas
The character has a chance to create a small number of Hunting Arrows depending on their Crafting skill,O personagem tem a chance de criar uma pequena quantidade de Flechas de Caca dependendo de sua habilidade de Artesanato
Entertain,Entreter
The character tries to lift their comrades' spirits using their Diplomacy skill,O personagem tenta animar seus companheiros usando sua habilidade de Diplomacia
Success adds the Motivated Condition to all party-members,O sucesso adiciona a Condicao Motivado a todos os membros do grupo
Camp activities begin,As atividades do acampamento comecam
Ragnar is too heavily wounded to work,Ragnar esta muito gravemente ferido para trabalhar
Kat is too hungry to work,Kat esta com muita fome para trabalhar
Z,Z
Z z,Z z
Z z Z,Z z Z
The party rested 8 hours and recovered partially,O grupo descansou 8 horas e se recuperou parcialmente
You rest for 8 hours,Voce descansa por 8 horas
Fix Rope,Fixar Corda
Foggy Night,Noite de Nevoa
Stars are birthed and die collapsing in on themselves in cataclysms that shake the very foundations of creation,Estrelas nascem e morrem desmoronando em si mesmas em cataclismos que abalam as proprias estruturas da criacao
on 2d6 to succeed on this,em 2d6 para ter sucesso nisso
You manage to descend the wall,Voce consegue descer a parede
Dire Houn,Cao Demoniaco
Spanish,Espanhol
stealth,sigilo
"Note that a turn does not progress until all the character’s pop-up text is gone, so adjusting this number will also adjust how quickly combat turns pass","Note que um turno nao progride ate que todo o texto de pop-up do personagem desapareca, portanto, ajustar esse numero tambem ajustara a rapidez com que os turnos de combate passam"
Ragnar,Ragnar
Auto_Save,Salvamento_Automatico
"For Sofie, Amalie and Kathrine","Para Sofie, Amalie e Kathrine"
WRITTEN AND DEVELOPED BY,ESCRITO E DESENVOLVIDO POR
Anders Lauridsen,Anders Lauridsen
PUBLISHED BY,PUBLICADO POR
Raw Fury,Raw Fury
WITH FINANCIAL SUPPORT FROM,COM O APOIO FINANCEIRO DE
Innovation Norway,Innovation Norway
Norwegian Film Institute,Norwegian Film Institute
PRODUCED BY,PRODUZIDO POR
Charles Livermore,Charles Livermore
Hendrik Richter,Hendrik Richter
Joel Sieh,Joel Sieh
Swen Vincke,Swen Vincke
Tom Jackson,Tom Jackson
ART,ARTE
Maarten Boot,Maarten Boot
Gustav Samuelson,Gustav Samuelson
John Henderson,John Henderson
Paolo Rathjen,Paolo Rathjen
Michael Stefanakis,Michael Stefanakis
Marco Pedrana,Marco Pedrana
Scott Hartill,Scott Hartill
Torgeir Fjereide,Torgeir Fjereide
Henning Ludvigsen,Henning Ludvigsen
KEY ART,ARTE PRINCIPAL
Tuandat Phan,Tuandat Phan
MUSIC,MUSICA
Romanus Surt,Romanus Surt
SOUND FX,EFEITOS SONOROS
Edwin Montgomery,Edwin Montgomery
ADDITIONAL WRITING,ESCRITA ADICIONAL
Rachael A Edwards,Rachael A Edwards
Danny Salfield Wadeson,Danny Salfield Wadeson
ADDITIONAL CODIING,PROGRAMACAO ADICIONAL
Ivan Gradecak,Ivan Gradecak
A special thanks to NAIVE,Um agradecimento especial a NAIVE
for their work on,por seu trabalho no
the Skald Trailer,Trailer de Skald
Robin Jonsson,Robin Jonsson
Oskar Gullstrand,Oskar Gullstrand
Simon Rudholm,Simon Rudholm
Jakob Oldenburg,Jakob Oldenburg
Cecilia Azout,Cecilia Azout
A special thanks to ARTISTRY,Um agradecimento especial a ARTISTRY
the Launch Trailer,pelo Trailer de Lancamento
Calle Norberg,Calle Norberg
John Persson,John Persson
CROWDFUNDERS,APOIADORES
DARK LORD TIER,NIVEL SENHOR DAS TREVAS
DEITY TIER,NIVEL DIVINDADE
Detocroix,Detocroix
PirateHeart,PirateHeart
Stefano Cinghialotto,Stefano Cinghialotto
Thomas Hays,Thomas Hays
IMPERATOR TIER,NIVEL IMPERADOR
Adam Burr,Adam Burr
Adam Trojanowski,Adam Trojanowski
Alex Rodriguez,Alex Rodriguez
Andrew Emau,Andrew Emau
Andrew Hurley,Andrew Hurley
Chris Bolin,Chris Bolin
Christian Turcic,Christian Turcic
Christopher J,Christopher J
Mallery,Mallery
Claudio Marro Filosa,Claudio Marro Filosa
Dan Spitzley,Dan Spitzley
David Cohn,David Cohn
David Youd,David Youd
Dominik Reichardt,Dominik Reichardt
Donald Gjoka,Donald Gjoka
Espen Kummeneje,Espen Kummeneje
Forrest Lowe,Forrest Lowe
fred.hiss,fred.hiss
General deFault,General deFault
GroovyDad and the Slap Me Some Skin Kids,GroovyDad and the Slap Me Some Skin Kids
Huffy,Huffy
Jaakko Kosola,Jaakko Kosola
Jan H,Jan H
Kruger,Kruger
Jarrod Kailef,Jarrod Kailef
Jeff Groetsema,Jeff Groetsema
Jon Birnbaum,Jon Birnbaum
josh.bartel,josh.bartel
Kurt K,Kurt K
Magnus Langseter,Magnus Langseter
Matt Barton,Matt Barton
Matt Shively,Matt Shively
Matthew Fitzgerald,Matthew Fitzgerald
mind,mind
pauloesquilo,pauloesquilo
Peter E,Peter E
Robert Schultz,Robert Schultz
Robert Vandeventer,Robert Vandeventer
Sanwei Wang,Sanwei Wang
Scotoma,Scotoma
Shawn McKee,Shawn McKee
Steffen Harders,Steffen Harders
Stephen Conley,Stephen Conley
travisyates,travisyates
Vincent Nix,Vincent Nix
Wittler,Wittler
Y,Y
K,K
Lee,Lee
HIGH WIZARD TIER,NIVEL ALTO MAGO
Alain Deschenes,Alain Deschenes
Alex Norton,Alex Norton
Andre Morais,Andre Morais
Andrew Brozek,Andrew Brozek
BacteriaMage,BacteriaMage
Camilla Lauridsen,Camilla Lauridsen
Carl Andersson,Carl Andersson
Chad Alexander,Chad Alexander
Chauncey Fannin,Chauncey Fannin
Chris Freeman,Chris Freeman
Chris Torrence,Chris Torrence
Damjan Mozetic,Damjan Mozetic
Dan Thoresen,Dan Thoresen
David Guiot,David Guiot
David LeCompte,David LeCompte
David Provost,David Provost
DeathKnight,DeathKnight
Larian,Larian
don,don
Eirik Heen,Eirik Heen
Eric LECLERC,Eric LECLERC
EudaemonicTonic,EudaemonicTonic
fandenivoldsk,fandenivoldsk
foboman,foboman
Frank 'Darthan Haj' Flury,Frank 'Darthan Haj' Flury
Frank Wolter,Frank Wolter
Games Dead LoL,Games Dead LoL
Gerald-Markus Zabos,Gerald-Markus Zabos
Grant Laird Jr,Grant Laird Jr
Henry Curley,Henry Curley
Hergon,Hergon
Insert Disk,Insert Disk
Istvan Seres,Istvan Seres
James Latzer,James Latzer
Jan Burda,Jan Burda
Jani Grondahl,Jani Grondahl
Janne Markkula,Janne Markkula
Jo Bjornar Hausnes,Jo Bjornar Hausnes
Joel Panadero Alcaide,Joel Panadero Alcaide
Jon Mines,Jon Mines
Juan Rodriguez Sabater,Juan Rodriguez Sabater
Kyle Good,Kyle Good
LP,LP
Luca,Luca
M.B,M.B
maik.dobbermann,maik.dobbermann
Margaret Anderson,Margaret Anderson
Mark Bauermeister,Mark Bauermeister
Mathias Luzius,Mathias Luzius
Michael Wolf,Michael Wolf
Mirko Koponen,Mirko Koponen
Nick Walton,Nick Walton
olpika,olpika
Pablo Giommi,Pablo Giommi
Peter Cutting,Peter Cutting
Pix,Pix
pongo,pongo
Rich,Rich
Rupert Fuller,Rupert Fuller
Rupert L,Rupert L
Ryan Waldron,Ryan Waldron
samuelschwager,samuelschwager
Stefan Kurz,Stefan Kurz
Steve Coltrin,Steve Coltrin
Tilmann Jakob,Tilmann Jakob
Todd Pollman,Todd Pollman
Tom Hoeppner,Tom Hoeppner
Viktor,Viktor
LORD OF THE REALM TIER,NIVEL SENHOR DO REINO
Ben B,Ben B
bpstrat,bpstrat
Bryan Pope,Bryan Pope
Christophe Chidoyan,Christophe Chidoyan
Constantin Arndt,Constantin Arndt
Cread Mefford,Cread Mefford
Daniel Bishop,Daniel Bishop
Daniel Hein,Daniel Hein
Dark Star,Dark Star
Ernst Krogtoft,Ernst Krogtoft
Gabor Lux,Gabor Lux
Haakon Jensen,Haakon Jensen
Jason Andrew George Bradwell,Jason Andrew George Bradwell
Jonathan Squyres,Jonathan Squyres
Joseph Rake,Joseph Rake
Joshua Lee,Joshua Lee
Justin Offermann,Justin Offermann
Kai R,Kai R
Hagen,Hagen
Kathrine,Kathrine
Kjetil Kristoffersen,Kjetil Kristoffersen
Kozelek,Kozelek
Milknorf,Milknorf
Na-cia Bell,Na-cia Bell
Peter Kessler,Peter Kessler
Polie D,Polie D
Richard Garriott,Richard Garriott
Simon,Simon
Theo Lane,Theo Lane
Thomas Jansen,Thomas Jansen
Walter Rafelsberger,Walter Rafelsberger
Wilhelm Feibel,Wilhelm Feibel
William Donnell,William Donnell
William Lee,William Lee
Xoel Rodriguez,Xoel Rodriguez
KNIGHT TIER,NIVEL CAVALEIRO
Workshop,Workshop
LLC,LLC
Abel Trespalacios,Abel Trespalacios
Alessandro,Alessandro
Alex Beattie,Alex Beattie
Alex Wayman,Alex Wayman
Andre Conde Morais,Andre Conde Morais
Andreas Vlcek,Andreas Vlcek
Anthony Tedesco,Anthony Tedesco
Arnaud Delbos,Arnaud Delbos
Benjamin Fett,Benjamin Fett
Brian Jepson,Brian Jepson
Bumvelcrow,Bumvelcrow
Cameron,Cameron
Carlton Doerner,Carlton Doerner
charis hoo,charis hoo
Chris Stillman,Chris Stillman
Christer Johannessen,Christer Johannessen
Christopher Hamilton,Christopher Hamilton
Christopher Mangum,Christopher Mangum
Christopher White,Christopher White
Chuck Haberl,Chuck Haberl
Corey Woodworth,Corey Woodworth
Daniel Schwen,Daniel Schwen
Darkless,Darkless
Dave Blazina,Dave Blazina
Dominik Božikovic,Dominik Božikovic
ebdholland,ebdholland
Edward Stembler,Edward Stembler
Entropy - Graywalkers supernatural RPG,Entropy - Graywalkers supernatural RPG
ericinexile,ericinexile
Evan Fedeli,Evan Fedeli
fbouvot,fbouvot
Felix Ungman,Felix Ungman
Gensous,Gensous
Godewijn,Godewijn
helgraf dragon,helgraf dragon
Ian McNamee,Ian McNamee
Imban,Imban
InBadPlace,InBadPlace
Iván Rodriguez Perales,Iván Rodriguez Perales
James Critcher,James Critcher
Janis Skuja,Janis Skuja
Jared Mathes,Jared Mathes
jellarinn,jellarinn
Jens,Jens
Jerome Pigeot,Jerome Pigeot
Jessy Greenland,Jessy Greenland
Jim Weil,Jim Weil
Joao Carlos Bastos,Joao Carlos Bastos
John Faulkenbury,John Faulkenbury
John Loner,John Loner
john mcshane,john mcshane
John-James Watkins-Field,John-James Watkins-Field
Jon Orris,Jon Orris
Jonny Ree,Jonny Ree
Joseph Naberhaus,Joseph Naberhaus
Joshua Pudney,Joshua Pudney
Joshua Sawyer,Joshua Sawyer
Joshua Steele,Joshua Steele
Julian Nicolas Treichel,Julian Nicolas Treichel
Kamil Betke,Kamil Betke
Kelvin Saggers,Kelvin Saggers
Ken Capelli,Ken Capelli
korotama,korotama
Lars Larson,Lars Larson
larsson.ellen86,larsson.ellen86
Lovro Skiljic,Lovro Skiljic
Lucas Moura,Lucas Moura
Lyman Green,Lyman Green
Magnus Osterlind,Magnus Osterlind
Marco Pomes,Marco Pomes
Marti Ijn,Marti Ijn
Matthew Beckham,Matthew Beckham
Matthew McDonald,Matthew McDonald
Maus Merryjest AGL589,Maus Merryjest AGL589
Mean774,Mean774
Michael Heck,Michael Heck
Michael Reilly,Michael Reilly
Michael Writer,Michael Writer
Mike Oxoft,Mike Oxoft
Miles Franklin Hamaker,Miles Franklin Hamaker
MR JAMES GIBBON,MR JAMES GIBBON
Nadia M,Nadia M
Neil Allain,Neil Allain
Neil Lalonde,Neil Lalonde
Obsidian Razor,Obsidian Razor
Oscar Panic Rosales,Oscar Panic Rosales
Patrick Davies,Patrick Davies
Paul Frayne,Paul Frayne
peacedog,peacedog
Rambutaan,Rambutaan
Ranger Joe,Ranger Joe
Re-Miel,Re-Miel
Richard I,Richard I
Rikkles,Rikkles
Robert Kelley,Robert Kelley
Robert W,Robert W
Kist,Kist
Ronald Utter,Ronald Utter
Shalashaskka,Shalashaskka
Shane Stacks,Shane Stacks
Stefan Eckert,Stefan Eckert
Stephane Cotichini,Stephane Cotichini
Stephen Sheahan,Stephen Sheahan
SupremeHentaiSensei,SupremeHentaiSensei
Svetlin Balcanski,Svetlin Balcanski
thylordroot,thylordroot
Timo Bosma,Timo Bosma
Timo Varis,Timo Varis
Tobias Sundstrom,Tobias Sundstrom
Toby Jennings,Toby Jennings
Tyler Sigman,Tyler Sigman
ubersuss Zitrone,ubersuss Zitrone
Walter McInnis,Walter McInnis
Warren Schader,Warren Schader
Wesley Rast,Wesley Rast
Zar Ramos,Zar Ramos
FREEMAN TIER,NIVEL CIDADÃO LIVRE
A'ndrea Marcyniuk,A'ndrea Marcyniuk
AG,AG
Akseli Lahtinen,Akseli Lahtinen
Al Romaithi,Al Romaithi
Albert Gutowski,Albert Gutowski
Alex Hawkins,Alex Hawkins
Alexander Jeger,Alexander Jeger
Alexis White,Alexis White
Alf Seegert,Alf Seegert
Angus Faulkner,Angus Faulkner
Anthony C,Anthony C
Argyrios Poungouras,Argyrios Poungouras
Arild Grebstad,Arild Grebstad
Armisael,Armisael
Arthur B,Arthur B
Benjamin Kristensen,Benjamin Kristensen
Bernd Niemietz,Bernd Niemietz
Bernd Stapf,Bernd Stapf
Bernhard Bockelbrink,Bernhard Bockelbrink
Bertine Tonseth,Bertine Tonseth
Bill Steyert,Bill Steyert
bjohnson003,bjohnson003
Brandon Alessi,Brandon Alessi
Browncoat Jayson,Browncoat Jayson
Charles Wolfe,Charles Wolfe
Chris Brand,Chris Brand
Chris Goad,Chris Goad
Chris Rosneau,Chris Rosneau
cimerians,cimerians
conan edw,conan edw
DanEE,DanEE
danwinkler13,danwinkler13
dave.bowman.1950,dave.bowman.1950
David desJardins,David desJardins
deleted,deleted
Dietmar Maderbacher,Dietmar Maderbacher
Dirk Arnholt,Dirk Arnholt
Don Campbell,Don Campbell
Drew Merrithew,Drew Merrithew
edible_pants,edible_pants
Eli Tarnholm,Eli Tarnholm
Erwin Wolf,Erwin Wolf
Evgeniy Tyurkin,Evgeniy Tyurkin
Fabio Regis,Fabio Regis
Fermin Serena Hortas,Fermin Serena Hortas
Florent WAGNER,Florent WAGNER
furroy,furroy
Gabor Csomos,Gabor Csomos
Geoff Jones,Geoff Jones
Gus,Gus
HexCrawler,HexCrawler
hobotroid,hobotroid
htn-ks,htn-ks
Hugh Winwood-Smith,Hugh Winwood-Smith
Hunvagy,Hunvagy
Hyva Kalsium Lich,Hyva Kalsium Lich
Ivan Assen Ivanov,Ivan Assen Ivanov
James Kersey,James Kersey
James Porter,James Porter
Jamie Gallagher,Jamie Gallagher
Jamie Myland,Jamie Myland
Jan Jansen,Jan Jansen
jason.keglovitz,jason.keglovitz
jeff.gerber,jeff.gerber
Jeffrey A,Jeffrey A
Kline,Kline
Jens Boesebeck,Jens Boesebeck
Jens Leibig,Jens Leibig
Jeremy Browning,Jeremy Browning
Jim Reijers,Jim Reijers
Johan Robert Clement,Johan Robert Clement
Johnathan L Bingham,Johnathan L Bingham
Jon Wetterberg,Jon Wetterberg
Jonathan Ly Davis,Jonathan Ly Davis
joopy,joopy
Joseph Rogers,Joseph Rogers
Joshua Volpert,Joshua Volpert
Josselin Loizeau,Josselin Loizeau
Julia Minamata,Julia Minamata
Julien GONIN,Julien GONIN
Katja Boness,Katja Boness
Kelly,Kelly
Ken,Ken
Ken Cavanaugh,Ken Cavanaugh
Kenneth Phillips,Kenneth Phillips
Kieran Fallon,Kieran Fallon
Kjetil Engeset Bjorneset,Kjetil Engeset Bjorneset
Korkybuz,Korkybuz
Kyle Maxwell,Kyle Maxwell
Llew Mason,Llew Mason
Logan Talley,Logan Talley
MadBeard,MadBeard
Marcin Segit,Marcin Segit
Mark Harvey,Mark Harvey
Marshall Bockrath,Marshall Bockrath
Matthew Bongers,Matthew Bongers
Michael Leesch,Michael Leesch
Michael Mak,Michael Mak
Michael Schmidt,Michael Schmidt
Michael Smith,Michael Smith
Michal Krzyzosiak,Michal Krzyzosiak
Mickmils,Mickmils
Mike Litzinger,Mike Litzinger
Mikkel Lunnemann,Mikkel Lunnemann
Minoru Natsutani,Minoru Natsutani
Monkcrab,Monkcrab
Moritz Paulus,Moritz Paulus
Narakir Narakir,Narakir Narakir
Nathan Mangan,Nathan Mangan
Niall Rooney,Niall Rooney
Nicholas Mulherin,Nicholas Mulherin
Nick Wade,Nick Wade
Nigel Barrow,Nigel Barrow
Norihisa Jyounotuka,Norihisa Jyounotuka
O u,O u
Ole Ciliox,Ole Ciliox
Olivier Guinart,Olivier Guinart
PaoloSpaziosi,PaoloSpaziosi
Patrick LaBine,Patrick LaBine
Paul Buchholz,Paul Buchholz
Paul Leone,Paul Leone
Rabih Ghandour,Rabih Ghandour
Reapww,Reapww
Ricardo Olavarria Ginocchio,Ricardo Olavarria Ginocchio
Richard Zajic,Richard Zajic
Ridley,Ridley
Riftstone,Riftstone
Rob Rogan,Rob Rogan
Robert DiNicolas,Robert DiNicolas
Robert Gomez,Robert Gomez
Robert Noble,Robert Noble
Roberto A Rivera,Roberto A Rivera
Rodimus Prime,Rodimus Prime
Rodney Ruble,Rodney Ruble
Roman Kamyk,Roman Kamyk
Ryan Kent,Ryan Kent
Ryan P,Ryan P
S_R,S_R
Sami Tattari,Sami Tattari
Sammaho,Sammaho
Sarunas Salkauskas,Sarunas Salkauskas
Scott,Scott
Sean Branney,Sean Branney
Simon Dickie,Simon Dickie
Simon Hannaford,Simon Hannaford
Soren Lauridsen,Soren Lauridsen
Stefan Mothes,Stefan Mothes
Stephen McManus,Stephen McManus
Steven Whisken,Steven Whisken
StrangeCat,StrangeCat
Strateture,Strateture
Stuart Glass,Stuart Glass
Sven Rahmann,Sven Rahmann
Thomas Emmett,Thomas Emmett
Thomas Hjelm,Thomas Hjelm
Thomas Lockett,Thomas Lockett
Tom Beaumont,Tom Beaumont
Tommy P,Tommy P
Tony Manfredonia,Tony Manfredonia
Treefrog78,Treefrog78
Tristen Grant,Tristen Grant
undeniable_sausage,undeniable_sausage
Vadim Kejlin,Vadim Kejlin
Vedran Vrbanc,Vedran Vrbanc
Venron Hirokawa,Venron Hirokawa
Vorvek,Vorvek
Wade Freeman,Wade Freeman
waterelementals,waterelementals
Wayne Marsh,Wayne Marsh
Xi The 11th Weapon,Xi The 11th Weapon
Yesheel Naicker,Yesheel Naicker
RAW FURY,RAW FURY
Jonas Antonsson,Jonas Antonsson
Gordon Van Dyke,Gordon Van Dyke
David Martinez,David Martinez
Roland Smedberg,Roland Smedberg
Mia Sun,Mia Sun
Kjartan Freyr Jonsson,Kjartan Freyr Jonsson
Naseer Alkhouri,Naseer Alkhouri
Gerinda Meijerink,Gerinda Meijerink
Rasmus Liljenberg,Rasmus Liljenberg
Johan Toresson,Johan Toresson
Solveig Samuelsdottir,Solveig Samuelsdottir
Jeanette Bauer,Jeanette Bauer
Timothy Busby,Timothy Busby
Cristian Caileanu,Cristian Caileanu
Vladimir Kovac,Vladimir Kovac
Tomislav Gojevic,Tomislav Gojevic
Domagoj salkovic,Domagoj salkovic
Angelica Norgren,Angelica Norgren
Erika Karlberg,Erika Karlberg
Susie McBeth,Susie McBeth
Nicole De Bernardi,Nicole De Bernardi
Dimitrije Đokic,Dimitrije Đokic
Sven Farszky,Sven Farszky
Matejka Ivancic,Matejka Ivancic
Ivan Kresimir Imbrija,Ivan Kresimir Imbrija
Carly Shields,Carly Shields
Juliette Auverny-Bennetot,Juliette Auverny-Bennetot
Iris Stefansdottir,Iris Stefansdottir
Tonci Jukic,Tonci Jukic
Jacob Kroon,Jacob Kroon
Mai Dinh,Mai Dinh
Micki Woods <3,Micki Woods <3
QLOC S.A,QLOC S.A
General Manager,Diretor Geral
Adam Piesiak,Adam Piesiak
Head of Business Development,Chefe de Desenvolvimento de Negocios
Elena Roor,Elena Roor
Senior Business Development Manager,Gerente Senior de Desenvolvimento de Negocios
Adrian Czerwinski,Adrian Czerwinski
Director of Quality Assurance,Diretor de Garantia de Qualidade
Sergiusz Slosarczyk,Sergiusz Slosarczyk
QA Operations Manager,Gerente de Operacoes de QA
Pawel Strzelczyk,Pawel Strzelczyk
Lead QA Project Manager,Gerente de Projeto Lider de QA
Jakub Dudkowski,Jakub Dudkowski
QA Lab Managers,Gerentes de Laboratorio de QA
Piotr Badurek,Piotr Badurek
Emil Lubowicki,Emil Lubowicki
Gabriela Malinowska,Gabriela Malinowska
Tomasz Prusicki,Tomasz Prusicki
Learning & Development Manager,Gerente de Aprendizado e Desenvolvimento
Michal Raczynski,Michal Raczynski
Learning & Development Coordinator,Coordenador de Aprendizado e Desenvolvimento
Aleksandra Grigorian-Kopka,Aleksandra Grigorian-Kopka
Learning & Development Specialists,Especialistas de Aprendizado e Desenvolvimento
Damian Jasinski,Damian Jasinski
Michal Kozakowski,Michal Kozakowski
QA Team Leader,Lider da Equipe de QA
Marcin Oprzadek,Marcin Oprzadek
QA Testers,Testadores de QA
Patryk Osowiecki,Patryk Osowiecki
Dawid Salamadry,Dawid Salamadry
Bosong Zhou,Bosong Zhou
IT Director,Diretor de TI
Artur Szczurzynski,Artur Szczurzynski
vitality,vitalidade
HP,PV
Alerted,Alertado
Rabid Rat begun,Rato Raivoso iniciado
Immune,Imune
Saved,Salvo
Gained,Ganhados
XP!,XP!
Who’s there?,Quem esta ai?
It’s Roland,E o Roland
What’s all that noise?,O que e todo esse barulho?
There is trouble and you’re needed on deck,Tem problemas e precisam de voce no conves
Core 1.0.7d,Core 1.0.7d
Who’s there?,Quem esta ai?
It’s Roland,E o Roland
What’s all that noise?,O que e todo esse barulho?
There is trouble and you’re needed on deck,Tem problemas e precisam de voce no conves
Let’s go,Vamos
#Bleeding,#Sangramento
warrior,guerreiro
Unlimited,Ilimitado
#Bleeding,#Sangramento
Unlimited,Ilimitado
#Bleeding,#Sangramento
Toggles the special ‘nostalgic UI’ that may remind you of classic RPG series we all know and love,Ativa a 'interface nostalgica' especial que pode lembrar voce das series de RPG classicas que todos conhecemos e amamos
The skin of the dice being rolled during skill-tests,O visual dos dados que sao rolados durante os testes de pericia
Spell Grimoire,Grimorio de Feiticos
MAIN QUESTS,MISSOES PRINCIPAIS
COMPLETED,CONCLUIDAS
Factions,Facoes
Quests that have been completed,Missoes que foram concluidas
WAKING UP,O DESPERTAR
"To gain spellcasting abilities, you must purchase ranks in the relevant (violet","Para obter habilidades de conjuracao, voce deve comprar niveis na arvore de talentos correspondente (violeta"
Feat-tree,Arvore de Talentos
More spells can be learned by studying spell-tomes that you acquire as you adventure,Mais feiticos podem ser aprendidos estudando tomos de magia que voce adquire enquanto se aventura
Champion Feats,Talentos de Campeao
"To gain spellcasting abilities, you must purchase ranks in the relevant (violet","Para obter habilidades de conjuracao, voce deve comprar niveis na arvore de talentos correspondente (violeta"
Feat-tree,Arvore de Talentos
More spells can be learned by studying spell-tomes that you acquire as you adventure,Mais feiticos podem ser aprendidos estudando tomos de magia que voce adquire enquanto se aventura
Champion Feats,Talentos de Campeao
"To gain spellcasting abilities, you must purchase ranks in the relevant (violet","Para obter habilidades de conjuracao, voce deve comprar niveis na arvore de talentos correspondente (violeta"
Feat-tree,Arvore de Talentos
More spells can be learned by studying spell-tomes that you acquire as you adventure,Mais feiticos podem ser aprendidos estudando tomos de magia que voce adquire ao se aventurar
Champion Feats,Talentos de Campeao
Learn 2 new spells from the Body Magic School,Aprenda 2 novos feiticos da Escola de Magia Corporal
TIER,NIVEL
Bear's Strength Cure Moderate Poison Minor Lay on Hands Serpent's Grace,Forca do Urso Curar Veneno Moderado Imposicao de Maos Menor Graca da Serpente
Cure Moderate Disease Fleet of Foot Moderate Lay on Hands Lesser Regeneration Pestilence,Curar Doenca Moderada Pizada Veloz Imposicao de Maos Moderada Regeneracao Menor Pestilencia
Miasma Circle of Healing Greater Lay on Hands Greater Regeneration Corporeal Restoration,Miasma Circulo de Cura Imposicao de Maos Maior Regeneracao Maior Restauracao Corporal
Learn 2 new spells from the Mind Magic School,Aprenda 2 novos feiticos da Escola de Magia Mental
Aura of Fear Clear Senses Fortify Awareness Fortify Will Instil Courage Sublime Projection,Aura de Medo Sentidos Claros Fortalecer Percepcao Fortalecer Vontade Infundir Coragem Projecao Sublime
Searing Light Heal Mind Holy Lance Stunning Touch Touch of Confusion,Luz Ardente Curar Mente Lanca Sagrada Toque Atordoante Toque de Confusao
Hysterical Blindness Mental Restoration Stunning Aura,Cegueira Histerica Restauracao Mental Aura Atordoante
Learn 2 new spells from the Spirit Magic School,Aprenda 2 novos feiticos da Escola de Magia Espiritual
Blessing Touch Mark of Heroism Hammer of Light Holy Light Touch of Condemnation,Toque de Bencao Marca do Heroismo Martelo de Luz Luz Sagrada Toque de Condenacao
Heroic Aura Aura of Condemnation Aura of Silence Blessing Aura Touch of Weakness,Aura Heroica Aura de Condenacao Aura de Silencio Aura de Bencao Toque de Fraqueza
Command of Paralyzation Holy Judgement Purge Magic,Comando de Paralizacao Julgamento Sagrado Purgar Magia
Select a target for your Ability!,Selecione um alvo para sua Habilidade!
Targets user,Alvo: usuario
Click anywhere to use ability!,Clique em qualquer lugar para usar a habilidade!
Select a target for your Maneuver!,Selecione um alvo para sua Manobra!
"If it’s the hedge maze you mean, just head west and then north","Se voce se refere ao labirinto de arbustos, basta seguir para o oeste e depois para o norte"
Had to drag you out o’ there enough times,Tive que arrastar voce para fora dali vezes o suficiente
You pet the dog,Voce acarinha o cachorro
Sub-Quest Completed,Sub-Missao Concluida
Armand whafts the scent of the grilled sandwich towards his nose,Armand puxa o aroma do sanduiche grelhado em direcao ao nariz
"Ah, the crust of the bread, the softness of the cheese, the savoryness of the ham","Ah, a casca do pao, a maciez do queijo, o sabor do presunto"
Perfection!,Perfeicao!
You shall indeed never again go hungry in the night,Voce de fato nunca mais passara fome pela noite
I say,Eu digo
I'm quite lost,Estou bem perdido
SIDE QUESTS,MISSOES SECUNDARIAS
Success,Sucesso
Hard were the years that followed  the mercenary life is bloody and unforgiving,Duros foram os anos que se seguiram a vida mercenaria e sangrenta e implacavel
Tome,Tomo
"31,0/280 lb","31,0/280 lb"
Learn,Aprender
TOME,TOMO
Read to learn the spell,Leia para aprender o feitico
Requires ranks in one of the following schools,Requer niveis em uma das seguintes escolas
Tier,Nivel
Requires at least 1 rank in one of the following Attribute(s,Requer pelo menos 1 nivel em um dos seguintes Atributos
Cannot learn spell,Nao pode aprender o feitico
Cannot learn spell,Nao pode aprender o feitico
MINOR LAY ON HANDS,IMPOSICAO DE MAOS MENOR
Body Magic School Tier,Nivel da Escola de Magia Corporal
reaches Level,alcanca o Nivel
Medium Club,Porrete Medio
Listen here Basilo has a proposal for you!,Escute aqui Basilo tem uma proposta para voce!
My children,Meus filhos
Sell,Vender
Sell Stack,Vender Pilha
Vendor will pay you,O vendedor pagara a voce
for this,por isso
Wreck Picker (Vendor has 300 Gold,Coletor de Destrocos (O vendedor tem 300 de Ouro
Sell mult,Vender mult
Buy mult,Comprar mult
Suspicion,Sospeita
Restocks in 4 days,Reestoque em 4 dias
Sold for,Vendido por
Sold Scrimshaw for 1 Gold!,Vendia a Gravura em Marfim por 1 de Ouro!
Wreck Picker (Vendor has 299 Gold,Coletor de Destrocos (O vendedor tem 299 de Ouro)
Sold Mug for 1 Gold!,Vendeu a Caneca por 1 de Ouro!
Wreck Picker (Vendor has 298 Gold,Coletor de Destrocos (O vendedor tem 298 de Ouro)
Medium Club,Porrete Medio
You fail to scale the wall and fall down,Voce falha ao escalar a parede e cai
reaches Level,alcanca o Nivel
TWO-HANDED EXPERT,ESPECIALISTA EM DUAS MAOS
Confirm,Confirmar
Pick 2 new Body Magic School 1 spells to learn,Escolha 2 novos feiticos da Escola de Magia Corporal 1 para aprender
Pick 1 new Body Magic School 1 spell to learn,Escolha 1 novo feitico da Escola de Magia Corporal 1 para aprender
You have selected the required spells and can proceed!,Voce selecionou os feiticos necessarios e pode prosseguir!
Spell,Feitico
Cost,Custo
Att,Ataque
Touch,Toque
Targets any ally adjacent to the caster,Alvo: qualquer aliado adjacente ao conjurador
Targets any opponent or ally adjacent to the caster,Alvo: qualquer oponente ou aliado adjacente ao conjurador
#Blindness,#Cegueira
#Deafness,#Surdez
#Disease,#Doenca
#Stun,#Atordoamento
#Paralysis,#Paralisia
#Asleep,#Dormindo
#Poison,#Veneno
#Intoxicated,#Intoxicado
#Silenced,#Silenciado
#Bleeding,#Sangramento
Select a target!,Selecione um alvo!
Cast Spell,Conjurar Feitico
Giant Bat is occupied!,Morcego Gigante esta ocupado!
Critical Backstab!!!,Apunhalada pelas Costas Critica!!!
Hat of Defence,Chapeu de Defesa
Hat of Defence,Chapeu de Defesa
HAT OF DEFENCE,CHAPEU DE DEFESA
Giant Leech is occupied!,Sanguessuga Gigante esta ocupada!
Crab is occupied!,Caranguejo esta ocupado!
Giant Crab Disengages,Caranguejo Gigante Desengaja
Cannot fire in melee!,Nao e possivel disparar em combate corpo a corpo!
Kat does not have a valid target!,Kat nao tem um alvo valido!
Like I said gutting the bastard will go a long way towards setting things right,Como eu disse esfaquear o bastardo vai ajudar muito a consertar as coisas
only has a LORE score of,tem apenas um nivel de CONHECIMENTO de
Stars are birthed and die collapsing in on themselves in cataclysms that shake the very foundations of creation,Estrelas nascem e morrem desmoronando em si mesmas em cataclismos que abalam as proprias estruturas da criacao
#Afraid,#Medo
Melee To Hit -2 Willpower,Acerto Corpo a Corpo -2 Forca de Vontade
Roll a successful Willpower Saving Throw vs DC 10 at end of each turn to remove,Faca um Teste de Resistencia de Forca de Vontade contra CD 10 bem-sucedido no final de cada turno para remover
Status Tag,Etiqueta de Status
DC,CD
Wreck Picker (Vendor has 297 Gold,Coletor de Destrocos (O vendedor tem 297 de Ouro).
Sold Fishing Hook for 1 Gold!,Vendeu o Anzol por 1 de Ouro!
Wreck Picker (Vendor has 296 Gold,Coletor de Destrocos (O vendedor tem 296 de Ouro
Sold Cracked Wine Jug for 1 Gold! 2 Cracked Wine Jug remaining,Vendeu a Jarra de Vinho Rachada por 1 de Ouro! Restam 2 Jarras de Vinho Rachadas
Wreck Picker (Vendor has 295 Gold,Coletor de Destrocos (O vendedor tem 295 de Ouro
Sold Cracked Wine Jug for 1 Gold! 1 Cracked Wine Jug remaining,Vendeu a Jarra de Vinho Rachada por 1 de Ouro! Resta 1 Jarra de Vinho Rachada
Wreck Picker (Vendor has 294 Gold,Coletor de Destrocos (O vendedor tem 294 de Ouro
Sold Cracked Wine Jug for 1 Gold!,Vendeu a Jarra de Vinho Rachada por 1 de Ouro!
Wreck Picker (Vendor has 293 Gold,Coletor de Destrocos (O vendedor tem 293 de Ouro.
This item can't be traded,Este item nao pode ser negociado
Buy,Comprar
Steal,Roubar
Vendor wants,O vendedor quer
Wreck Pic,Coletor de Destrocos
must roll,deve rolar
Foggy Dusk,Anoitecer com Nevoa
is too hungry to work,esta com muita fome para trabalhar
Overcast Dusk,Anoitecer Nublado
Mold Chil,Mofo Gelido
Disengages,Desengaja
Select a Spell to cast,Selecione um Feitico para conjurar
Select a target to use ability!,Selecione um alvo para usar a habilidade!
Select a target for your SPELL!,Selecione um alvo para o seu FEITICO!
Fog and Rain Dusk,Anoitecer com Nevoa e Chuva
Ring,Anel
Crafted 1 Farmer's Omelette,Fabricou 1 Omelete do Fazendeiro
farmer's omelette,omelete do fazendeiro
Crafted 2 Farmer's Omelette,Fabricou 2 Omeletes do Fazendeiro
Pick 2 new Spirit Magic School 1 spells to learn,Escolha 2 novos feiticos da Escola de Magia Espiritual 1 para aprender
Pick 1 new Spirit Magic School 1 spell to learn,Escolha 1 novo feitico da Escola de Magia Espiritual 1 para aprender
Positive Condition,Condicao Positiva
Dodge +1 Melee To Hit +1 Ranged To Hit +1 Toughness +1 Willpower,Esquiva +1 Acerto Corpo a Corpo +1 Acerto a Distancia +1 Resistencia +1 Forca de Vontade
Lasts until end of combat,Dura ate o fim do combate
Targets any opponent adjacent to the caster,Alvo: qualquer oponente adjacente ao conjurador
Deals 4-8 (+Magical Aptitude,Causa 4-8 (+Aptidao Magica
#Invisible,#Invisivel
FAILED,FALHOU
Roland reaches Level,Roland alcanca o Nivel
Out of ammo!,Sem municao!
Kat is out of ammo!,Kat esta sem municao!
Kat Defends,Kat Defende
Roland Defends,Roland Defende
Reaver recovers from surprise!,Saqueador se recupera da surpresa!
Reaver is occupied!,Saqueador esta ocupado!
is occupied!,esta ocupado!
QUICK_SAVE,SALVAMENTO_RAPIDO
Quick_Save,Salvamento_Rapido
Kat Defends,Kat Defende
Roland Defends,Roland Defende
Reaver recovers from surprise!,Saqueador se recupera da surpresa!
Reaver is occupied!,Saqueador esta ocupado!
Roland is occupied!,Roland esta ocupado!
Reaver Disengages,Saqueador Desengaja
Accurate Masterwork Shortbow,Arco Curto de Precisao Obra-Prima
ACCURATE MASTERWORK SHORTBOW,ARCO CURTO DE PRECISÃO OBRA-PRIMA
Out of ammo!,Sem municao!
Kat is out of ammo!,Kat esta sem municao!
Kat is occupied!,Kat esta ocupada!
Curses!!,Maldicao!!
Leap,Salto
You leap and instantly realize you've misjudged the distance,Voce salta e instantaneamente percebe que calculou mal a distancia
You plummet onto the rocks below,Voce despenca nas rochas abaixo
Unconscious,Inconsciente
is not conscious,nao esta consciente
You must select a conscious character to act!,Voce deve selecionar um personagem consciente para agir!
Spider Cr,Caranguejo-Aranha
Spider Crab recovers from surprise!,Caranguejo-Aranha se recupera da surpresa!
Spider Crab Defends,Caranguejo-Aranha Defende
Spider Crab Disengages,Caranguejo-Aranha Desengaja
Spider Crab is occupied!,Caranguejo-Aranha esta ocupado!
Roland is too hurt to force a lock,Roland esta muito ferido para arrombar uma fechadura
Rot Crab recovers from surprise!,Caranguejo Putrefato se recupera da surpresa!
Can't reach target!,Nao consegue alcancar o alvo!
does not have a valid target!,nao tem um alvo valido!
Defends,Defende
Acid Damage,Dano de Acido
Rot Crab is occupied!,Caranguejo Putrefato esta ocupado!
Shifting,Deslocando-se
Shifts,Desloca-se
Roland holds his action,Roland adia sua acao
Kat Disengages,Kat Desengaja
Roland must roll,Roland deve rolar
You can only manage your party if resting in a comfortable camp or lodgings,Voce so pode gerenciar seu grupo se estiver descansando em um acampamento confortavel ou estalagem
Find bed or an inn!,Encontre uma cama ou uma taverna!
redman,redman
lemons,limoes
is too heavily wounded to work,esta muito gravemente ferido para trabalhar
Kat fletched,Kat fabricou
arrow!,flecha!
Roland found,Roland encontrou
ration!,racao!
#Disease,#Doenca
Spider Cr,Caranguejo-Aranha
Kat Defends,Kat Defende
Spider Crab recovers from surprise!,Caranguejo-Aranha se recupera da surpresa!
Roland Disengages,Roland Desengaja
Shield of Defence,Escudo de Defesa
Shield of Defence,Escudo de Defesa
SHIELD OF DEFENCE,ESCUDO DE DEFESA
rounds of oxygen remaining,rodadas de oxigenio restantes
FATE OF THE SANTA FURY,O DESTINO DO SANTA FURY
Overcast Dawn,Alvorecer Nublado
Got work for me?,Tem trabalho para mim?
Hire,Contratar
Do you wish to hire this mercenary for 300 gold?,Deseja contratar este mercenario por 300 moedas de ouro?
A mercenary is a blank character that you get to create from scratch and add to your party,Um mercenario e um personagem em branco que voce pode criar do zero e adicionar ao seu grupo
This recipe requires the following ingredients,Esta receita requer os seguintes ingredientes
You have now learned how to make this recipe,Voce aprendeu a fazer esta receita
You can’t afford to hire this mercenary at the moment,Voce nao tem dinheiro para contratar este mercenario no momento
"Taking a running start, you leap","Pegando impulso, voce salta"
You make it and fall heavily into a roll as you land,Voce consegue e cai rolando pesadamente ao pousar
Giant Crab recovers from surprise!,Caranguejo Gigante se recupera da surpresa!
Giant Crab is occupied!,Caranguejo Gigante esta ocupado!
Fell Houn,Cao Cruel
Shifts,Desloca-se
Dire Hound recovers from surprise!,Cao Demoniaco se recupera da surpresa!
Shifts,Desloca-se
Defends,Defende
#Disease,#Doenca
Lights as you've never seen; like those sailors from the high north talk of,Luzes como voce nunca viu; como aquelas de que os marinheiros do extremo norte falam
Do I hear chanting up ahead?,Estou ouvindo canticos logo a frente?
sylver,sylver
reticular,reticular
Dire Rat recovers from surprise!,Rato Raivoso se recupera da surpresa!
Crafted 1 Potion of Cure Disease,Fabricou 1 Pocao de Curar Doenca
Accurate Fine Waraxe,Machado de Guerra Fino de Precisao
ACCURATE FINE WARAXE,MACHADO DE GUERRA FINO DE PRECISÃO
Medium Axe,Machado Medio
Axes Weapons can't be equipped by this Class,Armas do tipo Machado nao podem ser equipadas por esta Classe
"From the center of the three, The Santa Fury made her flight","Do centro dos tres, O Santa Fury empreendeu fuga"
HEALING 5+,CURA 5+
A HEALING score of 5 or higher is required to succeed,Um nivel de CURA de 5 ou mais e necessario para ter sucesso
Healing (,Cura (
beats Difficulty (,supera a Dificuldade (
has a HEALING score of,tem um nivel de CURA de
only has a LORE score of,tem apenas um nivel de CONHECIMENTO de
Resistant,Resistente
Disengages,Desengaja
Criticals,Criticos
Battlemagos Feats,Talentos de Mago de Batalha
Learn 2 new spells from the Air Magic School,Aprenda 2 novos feiticos da Escola de Magia do Ar
Blink Mark of Blurring Magic Missile Steal Breath,Teleporte Marca da Furtividade Misseis Magicos Roubar Sopro
Blinding Bolt Mark of Haste Purge Invisibility,Raio Cegante Marca da Celeridade Purgar Invisibilidade
Dispel Magic Mark of Invisibility Lightning Strike Poisoned Globe,Dissipar Magia Marca da Invisibilidade Relampago Globo Envenenado
Learn 2 new spells from the Earth Magic School,Aprenda 2 novos feiticos da Escola de Magia da Terra
Arcane Shockwave Mark of Lethargy Summon Vermin Swarm of Gnats,Onda de Choque Arcana Marca do Letargo Invocar Alima-a Enxame de Mosquitos
Mass Lethargy Stoneskin Summon Giant Insect,Letargo Em Massa Pele de Pedra Invocar Inseto Gigante
Breath Glass Diamond Form Summon Ooze,Sopro de Vidro Forma de Diamante Invocar Gosma
Learn 2 new spells from the Fire Magic School,Aprenda 2 novos feiticos da Escola de Magia do Fogo
Aura of Flame Flaming Fists Fire Warrior Mark of Illumination,Aura de Chamas Punhos Flamejantes Guerreiro do Fogo Marca da Iluminacao
Searing Lash Aura of Fire Resistance Summon Magmite,Latigazo Ardente Aura de Resistencia ao Fogo Invocar Magmite
Fireball Fire Frenzy Inferno,Bola de Fogo Frenesi de Fogo Inferno
TOUCHED BY THE RETICULUM,TOCADO PELO RETICULO
Pick 2 new Fire Magic School 1 spells to learn,Escolha 2 novos feiticos da Escola de Magia do Fogo 1 para aprender
Pick 1 new Fire Magic School 1 spell to learn,Escolha 1 novo feitico da Escola de Magia do Fogo 1 para aprender
Targets the character themself,Alvo: o proprio personagem
Lasts until end of turn,Dura ate o fim do turno
Aura,Aura
Targets all opponents and allies in the Aura target area,Alvo: todos os oponentes e aliados na area de efeito da Aura
Targets any opponent or ally anywhere on the battlefield,Alvo: qualquer oponente ou aliado em qualquer lugar do campo de batalha
Pick 2 new Fire Magic School 2 spells to learn,Escolha 2 novos feiticos da Escola de Magia do Fogo 2 para aprender
Targets any tile anywhere on the battlefield,Alvo: qualquer quadrado em qualquer lugar do campo de batalha
Summons one of the following creatures in each target area tile,Invoca uma das seguintes criaturas em cada quadrado da area alvo
Pick 1 new Fire Magic School 2 spell to learn,Escolha 1 novo feitico da Escola de Magia do Fogo 2 para aprender
Line,Linha
Targets all opponents and allies in the Line target area,Alvo: todos os oponentes e aliados na area de efeito da Linha
