original,translation
#Main Quests,#Missoes Principais
A Twilight Meeting,Um Encontro Crepuscular
I’ve been summoned to the estate of the lord Cato Berryn,Fui convocado a propriedade do lorde Cato Berryn
My father’s old patron,O antigo patrono de meu pai
"Though I grew up here, I’ve not been back for decades due to the unfortunate manner in which my father left the service of House Berryn","Embora eu tenha crescido aqui, nao volto ha decadas devido a forma infeliz como meu pai deixou o servico da Casa Berryn"
I do not know why Cato summons me now and I must venture to find out,Nao sei por que Cato me convoca agora e devo me aventurar para descobrir
The lord Berryn has tasked me to find his daughter,O lorde Berryn me encarregou de encontrar sua filha
"My childhood friend, Embal","Minha amiga de infancia, Embla"
Rescue Embla,Resgatar Embla
"My father's old patron, Lord Cato Berryn, has tasked me to rescue his daughter from the island of Idra","O antigo patrono de meu pai, Lorde Cato Berryn, me encarregou de resgatar sua filha na ilha de Idra"
She was last seen in the city of Horryn and I must search for clues as to her fate,Ela foi vista pela ultima vez na cidade de Horryn e devo procurar pistas sobre o seu destino
I found Embla in the town of Horryn,Encontrei Embla na cidade de Horryn
Events have conspired however to make it impossible to return to the mainland,Contudo, os eventos conspiraram para tornar impossivel o retorno ao continente
Instead we must venture to end the madness that has engulfed the region,Em vez disso, devemos nos aventurar para acabar com a loucura que engoliu a regiao
This quest has failed,Esta missao fracassou
Refugees of Horryn,Refugiados de Horryn
"Marcus the Chamberlain, the de-facto leader of the refugees, has pleaded with me to help the camp","Marcus, o Camareiro, o lider de fato os refugiados, suplicou por minha ajuda para o acampamento"
Food is running low and he’s requested I talk to Frantzo,A comida esta acabando e ele pediu que eu fale com Frantzo
There is also a disease outbreak in camp and I should talk to Drahl the cleric about that,Tambem ha um surto de doenca no acampamento e devo falar com o clerigo Drahl sobre isso
Both can be found in the camp,Ambos podem ser encontrados no acampamento
I’ve done what I can for the camp and the refugees have certainly been given a fighting chance,Fiz o que pude pelo acampamento e os refugiados certamente ganharam uma chance de lutar
Mouths to Feed,Bocas para Alimentar
"Frantzo, the camp’s cook and de-facto quartermaster, needs me to find food supplies for the refugees","Frantzo, o cozinheiro e intendente de fato do acampamento, precisa que eu encontre suprimentos de comida para los refugiados"
He needs a large supply of it and soon as people have begun dying from starvation,Ele precisa de uma grande quantidade e logo, pois as pessoas comecaram a morrer de fome
I’ve provided the Frantzo with the food he needs to keep the refugees fed for the foreseeable future,Forneci a Frantzo a comida necessaria para manter os refugiados alimentados no futuro proximo
Jakub's Goats,As Cabras de Jakub
Frantzo suggests looking into the farmer’s missing herd of goats,Frantzo sugere investigar o rebanho de cabras desaparecido do fazendeiro
He suspects the farmer hid them away to keep them from being eaten by starving refugees,Ele suspeita que o fazendeiro as escondeu para evitar que fossem comidas pelos refugiados famintos
Bring the Goats to Camp,Leve as Cabras para o Acampamento
I found Jakub's hidden goats up in a secluded mountain glen,Encontrei as cabras escondidas de Jakub em um vale isolado nas montanhas
Now I must bring the herd of goats to the refugee camp,Agora devo levar o rebanho de cabras para o acampamento de refugiados
If I don't get Jakub to agree first there may be consequences,Se eu nao fizer Jakub concordar primeiro, podera haver consequencias
Convince Jakub,Convencer Jakub
Perhaps I should talk to Jakub and see if convince him to let me bring the goats back to camp,Tal vez eu deva falar com Jakub e ver se o convenco a me deixar levar as cabras de volta ao acampamento
"Jakub, the Idran goat farmer, has come to his senses and agreed to let me bring the goats to camp so they can be eaten","Jakub, o criador de cabras de Idra, recobrou o juizo e concordou em me deixar levar as cabras ao acampamento para servirem de alimento"
He asks that I go and help his son,Ele pede que eu va ajudar o seu filho
Return to Frantzo,Voltar para Frantzo
I must return to Frantzo and tell him that I've brought Jakub's goats to camp,Debo voltar ate Frantzo e dizer-lhe que trouxe as cabras de Jakub para o acampamento
Search for the Goats,Buscar pelas Cabras
I need to start by looking for a clue as to where the herd could be located,Preciso comecar procurando uma pista de onde o rebanho poderia estar localizado
An Alternate Supply,Um Suprimento Alternativo
Look for an alternate solution to the food-crisis in the refugee camp,Buscar uma solucao alternativa para a crise de alimentos no acampamento de refugiados
Sea's Bounty,A Generosidade do Mar
The quartermaster of the Weathermaiden has enough food-supplies to feed the refugee camp,O intendente do Weathermaiden tem suprimentos de comida suficientes para alimentar o acampamento de refugiados
The downside is it will cost me 500 pieces of gold,O lado ruim e que isso me custara 500 moedas de ouro
I’ve acquired the food-supplies needed to feed the refugees,Adquiri os suprimentos de comida necessarios para alimentar os refugiados
Now all that remains is to return to Frantzo and tell him the good news,Agora tudo o que resta e voltar ate Frantzo e contar-lhe a boa nova
Outbreak,Surto
"There is an outbreak in camp and the aged cleric, Drahl, has asked me to help him look for a cure","Ha um surto no acampamento e o velho clerigo, Drahl, pediu que eu o ajude a procurar uma cura"
He suggests I start by talking to Hannah,Ele sugere que eu comece falando com Hannah
The mother of a sick child who appears to have a suggestion for a cure,A mae de uma crianca doente que parece ter uma sugestao de cura
She can be found in a cottage south of camp,Ela pode ser encontrada em uma cabana ao sul do acampamento
I provided Drahl with a cure for the outbreak and it appears to be having the intended effect,Forneci a Drahl uma cura para o surto e parece estar surtindo o efeito desejado
A Mother's Love,O Amor de uma Mãe
A young mother in the refugee camp has pleeded with me to help save her child,Uma jovem mae no acampamento de refugiados me suplicou para ajudar a salvar seu filho
The boy's fallen ill and she begs me to seek out an old crone living in the forest in the islands interior,O menino adoeceu e ela me roga que procure uma velha bruxa que vive na floresta no interior da ilha
She would know how to help,Ela saberia como ajudar
"Though the old woman had gone insane, I was able to get medicine for the child","Embora a velha senhora estivesse louca, consegui o remedio para a crianca"
I was unable to get medicine for Hannah in time,Nao consegui o remedio para Hannah a tempo
Both mother and child passed,Tanto a mae quanto o filho faleceram
"Having gotten his medicine, Hannah's boy is looking better already","Tendo recebido o remedio, o menino de Hannah ja esta com uma aparencia melhor"
The Un-Born,O Não Nascido
Mother Katak will help with the outbreak in camp,A Mae Katak ajudara com o surto no acampamento
"To make medicine she has asked me to find ""the un-born of the scaled ones""",Para fazer o remedio, ela me pediu para encontrar ""o nao nascido dos escamosos""
"Apparently they dwell nearby: ""north of the great oak and past the fetid pools""",Pelo visto eles habitam por perto: ""ao norte do grande carvalho e passando pelas pocas fetidas""
I recovered eggs from a pack of giant lizards and delivered them to the mad old hag,Recuperei ovos de um bando de lagartos gigantes e os entreguei a velha bruxa louca
You need to find 1 GiantLizardEgg,Voce precisa encontrar 1 Ovo de Lagarto Gigante
You found GiantLizardEgg!,Voce encontrou Ovo de Lagarto Gigante!
The Eternity Gate,O Portão da Eternidade
I find myself naked and alone in the darkness,Eu me encontro nu e sozinho na escuridao
I can only surmise I am inside the strange structure that we found underneath the Black Priory,So posso presumir que estou dentro da estranha estrutura que encontramos debaixo do Priorado Negro
Truly this is a place where no mortal foot was ever meant to tread,Verdadeiramente, este e um lugar onde nenhum pe mortal deveria pisar
I am undone,Estou acabado
Dust in an endless void,Poeira em um vazio infinito
This will be my final entry,Esta sera minha ultima anotacao
The Zephyr,O Zéfiro
"I need to investigate what is happening with ""The Zephyr","Preciso investigar o que esta acontecendo com ""O Zefiro"""
A mutiny had broken out as the crew refused to bring the ship closer to Idra,Um motim estourou quando a tripulacao se recusou a aproximar o navio de Idra
They claimed the island was cursed,Eles alegavam que a ilha estava amaldiçoada
"The zephyr was sunk by a terrible, un-namable creature of the deep","O Zefiro foi afundado por uma criatura das profundezas terrivel e innomeavel"
Plateau of Madness,Planalto da Loucura
The Cabal expedition landed at the mining-village of Adler’s Helm,A expedicao da Cabala desembarcou no vilarejo minerador de Elmo de Adler
I suspect we can find a way to ascend to the interior plateau on Gradla if we follow their trail to Adler's Helm and beyond,Suspeito que podemos encontrar uma maneira de subir ao planalto interior em Gradla se seguirmos a trilha deles ate o Elmo de Adler e alem
"Following the ancient stairs discovered by the miners of Adler’s Helm, we have reached the interior plateau","Seguindo as antigas escadarias descobertas pelos mineradores do Elmo de Adler, alcancamos o planalto interior"
The Priory lies within reach,O Priorado esta ao nosso alcance
Retaking Horryn,Retomada de Horryn
"To retake Horryn, we must kill the three Reaver chiefs that occupy the city","Para retomar Horryn, devemos matar os tres chefes Saqueadores que ocupam a cidade"
"The three are know as Oleg the Gray, Queen Kala and the Butcher","Os tres sao conhecidos como Oleg, o Cinzento, Rainha Kala e o Acougueiro"
Iben cautions that the threesome is fierce and that we might use cunning and use their infighting to our advantage,Iben alerta que o trio e feroz e que poderiamos usar de astucia e aproveitar as desavencas internas deles em nossa vantagem
Oleg the Gray,Oleg, o Cinzento
Dead Queen Kala,Rainha Kala Morta
Dead The Butcher,O Acougueiro Morto
Dead,Morto
Alive,Vivo
Alive The Butcher,O Acougueiro Vivo
Alive Queen Kala,Rainha Kala Viva
We have retaken the outer city,Retomamos a cidade exterior
Storming the Keep,Assalto a Fortaleza
"Though we have liberated the outer city, Horryn’s keep remains in the possession of the Reavers","Embora tenhamos libertado a cidade exterior, a fortaleza de Horryn continua em posse dos Saqueadores"
The keep is well protected from a frontal assault so we need to look for an alternate entrance,A fortaleza esta bem protegida contra um assalto frontal, entao precisamos procurar uma entrada alternativa
I successfully infiltrated the keep and slew the foul creature known as “Father,"Infiltrei-me com sucesso na fortaleza e matei a criatura imunda conhecida como ""Pai"""
The Secret Tunnel,O Tunel Secreto
Hierophant Drahl believes a secret tunnel exists that connects the keep to the crypts underneath the temple,O Hierofante Drahl acredita que existe um tunel secreto que conecta a fortaleza as criptas embaixo do templo
The sacred crypts of the Sepulchites can be accessed from within the temple,As criptas sagradas dos Sepulquitas podem ser acessadas de dentro do templo
"Drahl suspects that if a secret tunnel does indeed exist, it probably lies in the deeper sections of the crypts","Drahl suspeita que, se um tunel secreto de fato existir, ele provavelmente fica nas secoes mais profundas das criptas"
"Though the crypt was overrun by foul undead creatures, we did indeed find the secret tunnel","Embora a cripta estivesse infestada por criaturas mortas-vivas imundas, nos de fato encontramos o tunel secreto"
Talk to Drahl,Falar com Drahl
"According to Markus, Hierophant Drahl might know of a secret entrance into the keep","De acordo com Markus, o Hierofante Drahl pode saber de uma entrada secreta para a fortaleza"
The Hierophant can be found in front of the newly liberated temple,O Hierofante pode ser encontrado em frente ao templo recem-libertado
I met and talked to the Hierophant,Conheci e conversei com o Hierofante
Talk to Markus,Falar com Markus
I’ve been told to meet Markus the Chamberlain at the inn that lies west of the city square in Horryn,Fui instruido a me encontrar com Markus, o Camareiro, na estalagem que fica a oeste da praca da cidade em Horryn
I suspect he has an idea about how to pierce the keep's defences,Suspeito que ele tenha uma ideia de como perfurar as defesas da fortaleza
I found and talked to Markus,Encontrei e conversei com Markus
Untold Eons,Eons Incontaveis
"We’ve penetrated the dungeons that lay beneath the Black Priory and entered into the black, timeless realms beyond","Penetramos nas masmorras que ficavam sob o Priorado Negro e entramos nos reinos sombrios e atemporais alem"
Now it remains to be seen what untold secrets have lain hidden for so long,Agora resta saber quais segredos incontaveis estiveram escondidos por tanto tempo
We found what the Cabal was excavating underneath the Priory,Encontramos o que a Cabala estava escavando sob o Priorado
By the Golden how I wish we had let it lie in peace,Pelo Dourado, como eu gostaria que tivessemos deixado isso em paz
I fear there is no salvation for us now,Temo que nao haja salvacao para nos agora
The Priory Opens,O Priorado se Abre
We’ve entered the Black Priory,Entramos no Priorado Negro
"Whatever secrets the Cabal expedition found here, I suspect they lay beneath the priory","Quaisquer que sejam os segredos que a expedicao da Cabala encontrou aqui, suspeito que fiquem sob o priorado"
We must find a way to enter the dungeon below,Devemos encontrar uma maneira de entrar na masmorra abaixo
We have breached the lower level of the priory,Violamos o nivel inferior do priorato
To Sleep and Dream,Dormir e Sonhar
The secrets of the Priory are within reach,Os segredos do Priorato estao ao nosso alcance
We must navigate the catacombs and reach the great secret that lies at its heart,Devemos navegar pelas catacumbas e alcancar o grande segredo que jaz em seu coracao
May the Dead save us,Que os Mortos nos salvem
The secrets of this place are far deeper and more ancient than any of us could have guessed,Os segredos deste lugar sao muito mais profundos e antigos do que qualquer um de nos poderia imaginar
We descend now into a darkness from which I fear we’ll never re-emerge,Descemos agora em uma escuridao da qual temo que nunca mais voltaremos a sair
Upon Black Seas,Sobre Mares Negros
I rescued Embla but we find that there is no way to return to the main-land whilst the Outer Isles is engulfed in this madness,Resgatei Embla, mas descobrimos que nao ha como voltar ao continente enquanto as Ilhas Exteriores estiverem envoltas nesta loucura
Embla is convinced the calamity is somehow caused by the discovery of an ancient site known as “The Black Priory” on the island of Gradla,Embla esta convencida de que a calamidade e causada de alguma forma pela descoberta de um sitio antigo conhecido como ""O Priorado Negro"" na ilha de Gradla
Gradla is located to the north of Idra and we must find a ship and crew willing to take us there,Gradla fica ao norte de Idra e precisamos encontrar um navio e uma tripulacao dispostos a nos levar ate la
Gradla is within sight,Gradla esta a vista
Now we must make landfall and seek a way to reach the inland plateau,Agora precisamos desembarcar e buscar uma maneira de alcancar o planalto interior
#Side Quests,#Missoes Secundarias
The Boar's Medicine,O Remedio do Javali
Kydeon asked me fetch a bottle of brandy from the wine cellar under the kitchen after I talk to Lyra,Kydeon pediu para eu buscar uma garrafa de brandy na adega sob a cozinha depois que eu falasse com Lyra
The old boar will sleep soundly tonight,O velho javali dormira profundamente esta noite
M' damn knees are acting up again,Minhas malditas voltaram a incomodar
Can't hardly sleep on account of the aches,Mal consigo dormir por causa das dores
"Let me tell you, I'd take an arrow in the leg any day","Deixe-me dizer, eu preferiria levar uma flecha na perna a qualquer momento"
"If you're going over to the kitchen later for a bit of grub, a bottle of brandy from the wine-cellar would make me a happy man!","Se voce for ate a cozinha mais tarde para comer algo, uma garrafa de brandy da adega me deixaria um homem feliz!"
Kydeon shifts as if to emphasize his stiff knees,Kydeon se mexe como que para enfatizar seus joelhos rigidos
Ha!,Ha!
That's some fine foraging young whelp!,Isso e que e uma boa busca por mantimentos, jovem filhote!
"Before you can get a word in, Kydeon snatches the bottle, uncorks it and drinks deeply","Antes que voce consiga dizer uma palavra, Kydeon toma a garrafa, tira a rolha e bebe um grande gole"
"The old man, eyes closed in relief, lets out a deep sigh","O velho, de olhos fechados em alivio, solta um longo suspiro"
May your sleep be dreamless,Que o seu sono seja sem sonhos
he speaks as if to himself,ele fala como se fosse para si mesmo
The Cellar,A Adega
Look for your father in the cellar under the kitchen,Procure por seu pai na adega sob a cozinha
You found your father,Voce encontrou seu pai
The Beast in the Hearth,A Fera na Lareira
Lyra has betted with me to see if I can sneak into the hearth of the villa and confront the 'beast' that hides there,Lyra apostou comigo para ver se consigo me esgueirar pela lareira da vila e confrontar a 'fera' que se esconde la
I won our wager and snuk into the hearth,Ganhei a nossa aposta e me esgueirei pela lareira
There I met a mercenary by the name or Roland Greyeye,La conheci um mercenario chamado Roland Greyeye
I failed to sneak into the hearth,Nao consegui me esgueirar pela lareira
Exploring the Grounds,Explorar o Terreno
"While I wait for the Lord Berryn to become available, I should look for some food and perhaps walk the gardens and hedge maze before I check back in with Lyra again","Enquanto espero que o Lorde Berryn fique disponivel, devo procurar algo para comer e talvez caminhar pelos jardins e pelo labirinto de sebes antes de falar com Lyra novamente"
The lord of House Berryn is ready for me now,O lorde da Casa Berryn esta pronto para mim agora
An Evening Meal,Uma Refeicao Noturna
I have been ordered to go procure a meal for myself from the kitchen as there is no saying how long I will be waiting,Fui instruido a conseguir algo para comer na cozinha, pois nao se sabe quanto tempo irei esperar
I should talk to the chef,Devo falar com o chef
Chef Armand taught me to make his famous melted cheese sandwiches,O chef Armand me ensinou a fazer seus famosos sanduiches de queijo derretido
"Surely, old Magda cries in the tomb at what her kitchen has come to","Certamente, a velha Magda chora no tumulo pelo que sua cozinha se tornou"
Chef Armand has offered to teach me how to make his famous cheese sandwich,O chef Armand se ofereceu para me ensinar a fazer seu famoso sanduiche de queijo
For starters I have to fetch cheddar cheese and cured ham from the cellar under the kitchen,Para comecar, tenho que buscar queijo cheddar e presunto curado na adega sob a cozinha
My suggestion is thusly,Minha sugestao e a seguinte
"Whilst I stoke the fire, you run down in the pantry and fetch some cured ham and cheddar cheese","Enquanto eu acendo o fogo, voce corre ate a despensa e busca um pouco de presunto curado e queijo cheddar"
I will then teach you how to cook my renowned melted cheese sandwich and you shall never want for an evening meal for as long as you live!,Entao eu lhe ensinarei a cozinhar meu famoso sanduiche de queijo derretido e voce nunca mais ficara sem uma refeicao noturna enquanto viver!
The Hedge Maze,O Labirinto de Sebes
Lyra suggests I should explore the hedge-maze in the villa grounds while I wait for master Cato to become ready,Lyra sugere que eu explore o labirinto de sebes nos terrenos da vila enquanto espero o mestre Cato ficar pronto
"You managed to find ""Embla"" in the maze",Voce conseguiu encontrar ""Embla"" no labirinto
A Deeper Dark,Uma Escuridao Mais Profunda
One of the lighthouse keepers went mad and killed himself after dreaming of a strange blade buried deep within the caves below the lighthouse,Um dos guardas do farol enlouqueceu e se matou apos sonhar com uma lamina estranha enterrada profundamente nas cavernas sob o farol
Perhaps that artifact should be recovered for safe-keeping... or use,Talvez esse artefato deva ser recuperado para protecao... ou uso
The entrance to the caves is under the broken bridge,A entrada para as cavernas fica sob a ponte quebrada
"I recovered a strange dagger from some sort of ancient, pre-Imperial, ritual chamber in the caves beneath the lighthouse",Recuperei uma adaga estranha de uma especie de antiga camara ritual pre-imperial nas cavernas sob o farol
Find Froggert!,Encontre Froggert!
"Marsa, a young girl in the Idran camp, has lost her stuffed animal 'Froggert'","Marsa, uma jovem no acampamento de Idra, perdeu seu animal de pelucia 'Froggert'"
Getting it back for her might be a small act of kindness in a sea of horrors,Recupera-lo para ela pode ser um pequeno ato de bondade em um mar de horrores
The wayward reptile has been recovered,O reptil perdido foi recuperado
Marsa was overjoyed,Marsa ficou radiante
It felt good to help,Foi bom ajudar
Lost Sailors,Marinheiros Perdidos
I met a small group of surviving sailors from the Zephyr camped near the wreck,Encontrei um pequeno grupo de marinheiros sobreviventes do Zefiro acampados perto dos destrocos
"Their de-facto leader, Snow, has asked that I send any survivors I find his way","O lider de fato deles, Snow, pediu que eu envie quaisquer sobreviventes que encontrar no caminho dele"
There should be at least 3 out there,Deve haver pelo menos 3 por ai
Found so far,Encontrados ate agora
I sent those I could find to Snow’s camp,Enviei os que consegui encontrar para o acampamento de Snow
"Though the group is still small, they certainly stand a better chance together than alone","Embora o grupo ainda seja pequeno, eles certamente tem uma chance melhor juntos do que sozinhos"
Sealed Away,Selado
"Kat from the Zephyr, suggests we should look to see if the captain’s seal survived the sinking","Kat, do Zefiro, sugere que deveriamos verificar se o selo do capitao sobreviveu ao naufragio"
"Though the captain died on the Zephyr, one of the other crew-members might have managed to bring it ashore","Embora o capitao tenha morrido no Zefiro, um dos outros membros da tripulacao pode ter conseguido traze-lo para a praia"
Kat suggests we start by examining a cave to the west,Kat sugere comecarmos examinando uma caverna a oeste
The seal is apparently quite valuable and the Nautical Guild would pay well to have it returned,O selo aparentemente e bastante valioso e a Guilda Nautica pagaria bem para telo de volta
We found the seal on one of the corpses in the cave,Encontramos o selo em um dos cadaveres na caverna
I'll hold onto it and perhaps there is an opportunity to return it to the Nautical Guild if we ever make it back to the mainland,Vou ficar com ele e talvez haja uma oportunidade de devolve-lo a Guilda Nautica se algum dia voltarmos ao continente
Rescue Natia,Resgatar Natia
"Philip, a survivor from Horryn, has pleaded with me to try and rescue his wife Natia who is being dragged away the meet “The Father” inside the keep","Philip, um sobrevivente de Horryn, suplicou para que eu tente resgatar sua esposa Natia, que esta sendo arrastrada para se encontrar com ""O Pai"" dentro da fortaleza"
She has auburn hair,Ela tem cabelos castanhos
I managed to save Natia but not without her suffering a grievous wound,Consegui salvar Natia, mas nao sem que ela sofresse um ferimento grave
Thankfully I feel certain she will recover,Felizmente, tenho certeza de que ela vai se recuperar
Philip took her to their small home near the Fisherman’s Gate,Philip a levou para a pequena casa deles perto do Portao dos Pescadores
I failed to rescue Natia and she lost her life at the hands of a Reaver,Fracassei em resgatar Natia e ela perdeu a vida nas maos de um Saqueador
Philip offered me a gold ring as reward for the rescue of his wife,Philip me ofereceu um anel de ouro como recompensa pelo resgate de sua esposa
Badge of Honor,Emblema de Honra
Encountered a ‘sewerjack’ under Horryn,Encontrei um 'guarda-esgoto' sob Horryn
He lost his badge in a scrap with some vermin in one of the side-tunnels east of where I met him,Ele perdeu seu emblema em uma briga com algumas pragas em um dos tuneis laterais a leste de onde o conheci
It seems he would be very happy if we recovered it for him,Parece que ele ficaria muito feliz se o recuperassemos para ele
I recovered the badge for the sewerjack,Recuperei o emblema para o guarda-esgoto
He couldn't offer much in the way of a reward but instead provided me with a hand drawn map of the sewers,Ele nao pode oferecer muito como recompensa, mas em vez disso me forneceu um mapa das cloacas desenhado a mao
Timber!,Madeira!
A lumberjack and his son were attacked by monsters in the woods,Um lenhador e seu filho foram atacados por monstros na floresta
The son got away but apparently his father didn’t,O filho escapou, mas aparentemente o pai nao
The kid asked me to look for his father,O garoto me pediu para procurar por seu pai
Apparently their camp can be found east of the big oak,Aparentemente o acampamento deles pode ser encontrado a leste do grande carvalho
"Against all odds, I found the lumberjack alive in a giant spider cocoon","Contra todas as probabilidades, encontrei o lenhador vivo em um casulo de aranha gigante"
He was grateful to be released and reunited with his son,Ele ficou grato por ser libertado e reunido com seu filho
The Stargazer,O Astronomo
"It seems Basilo, the wreck picker, has come across a chest of my belongings","Parece que Basilo, o coletor de destrocos, encontrou um bau com os meus pertences"
He’s agreed to turn it over if I help him,Ele concordou em entrega-lo se eu o ajudar
It would appear an astronomer has set up a camp in the cliffs west of Basilo’s house,Parece que um astronomo montou um acampamento nos penhascos a oeste da casa de Basilo
He’s asked me to bring him the telescope from the camp,Ele me pediu para trazer o telescopio do acampamento
I brought Basilo the telescope and traded it for my belongings,Trouxe o telescopio para Basilo e o troquei pelos meus pertences
Well of Tears,Poco das Lagrimas
"Marita, a mourning mother, is being haunted by the laughter of her dead children coming from a well on her farm","Marita, uma mae em luto, esta sendo assombrada pelo riso de seus filhos mortos vindo de um poco em sua fazenda"
"Sadly, it seems to have driven her mad with grief","Infelizmente, parece tela levado a loucura de dor"
Perhaps there is a way for me to help her?,Talvez haja uma maneira de eu ajuda-la?
I ventured into the well and recovered the bones of Marita’s two children,Aventurei-me no poco e recuperei os ossos dos dois filhos de Marita
"In the darkness below, I encountered some kind of abominable mold creature that had the ability to mimic its victims","Na escuridao abaixo, encontrei uma especie de criatura de mofo abominavel que tinha a capacidade de imitar suas vitimas"
I pray this is the last time I encounter such a horror,Rezo para que esta seja a ultima vez que encontro tal horror
Zephyr's Wreck,Os Destrocos do Zefiro
A group of Snow’s sailors disappeared whilst exploring the wreckage of the Zephyr,Um grupo de marinheiros de Snow desapareceu enquanto explorava os destrocos do Zefiro
Snow asks that I investigate their fate,Snow pede que eu investigue o destino deles
Examining the wreckage I came across a monstrously grown rat creature that spoke with the voice of a man,Examinando os destrocos, deparei-me com uma criatura ratazana monstruosamente desenvolvida que falava com a voz de um homem
I dispatched it though I came too late to save the lives of the lost sailors,Eu o despachei embora tenha chegado tarde demais para salvar as vidas dos marinheiros perdidos
I best report back to Snow,É melhor eu me reportar a Snow
Snow could not pay me for my work but assures me the Nautical Guild will not forget my service,Snow não pôde me pagar pelo meu trabalho mas me garante que a Guilda Náutica não esquecerá meus serviços
The Lost Captain,O Capitão Perdido
"Zhara, this first mate of a stranded smuggler’s crew, has asked me to learn the fate of their captain, Iago","Zhara, a primeira oficial da tripulação de contrabandistas encalhada, pediu para eu descobrir o destino do capitão deles, Iago"
He traveled to Horryn to visit the city’s black market right before it fell and that is where I should search for him,Ele viajou para Horryn para visitar o mercado negro da cidade logo antes de ela cair e é lá que devo procurá-lo
The entrance to the black market can be found in the city’s sewers,A entrada para o mercado negro pode ser encontrada nas cloacas da cidade
We found Captain Iago in chains in the Rat Queen's dungeons,Encontramos o Capitão Iago acorrentado nas masmorras da Rainha Rata
I should try to free him somehow as he has the potential to become a valuable ally,Devo tentar libertá-lo de alguma forma já que ele tem o potencial de se tornar um aliado valioso
Sisters,Irmãs
"A woman named Julia in Horryn, asked me to find her sister, Ylia, who lives in Firgol","Uma mulher chamada Julia em Horryn pediu para eu encontrar sua irmã, Ylia, que mora em Firgol"
Julia is convinced her sister is worried about her safety considering last week’s events in Horryn,Julia está convencida de que sua irmã está preocupada com a segurança dela considerando os eventos da semana passada em Horryn
She wants me to inform Ylia that she is safe given the circumstances,Ela quer que eu informe a Ylia que ela está segura dadas as circunstâncias
I met Ylia and talked to her but the encounter left me none the wiser,Encontrei Ylia e conversei com ela, mas o encontro não me trouxe nenhum esclarecimento
It seems Ylia is not only oblivious to the state of the Outer Isles,Parece que Ylia não está apenas alheia ao estado das Ilhas Exteriores
She also insists that her sister was not late at all and was in fact due to arrive in a few days time,Ela também insiste que sua irmã não estava atrasada de forma alguma e que, na verdade, deveria chegar em alguns dias
I’m not sure what to make of this,Não tenho certeza do que pensar disso
Iago in Chains,Iago Acorrentado
"I found Iago zha Droma, captain of the Weathermaiden, in chains in the black market of the Rat Queen","Encontrei Iago zha Droma, capitão do Weathermaiden, acorrentado no mercado negro da Rainha Rata"
He begged me to intercede to the queen on his behalf,Ele me implorou para interceder junto à rainha em seu nome
"If I somehow manage to free him, he might make a valuable ally","Se eu de alguma forma conseguir libertá-lo, ele pode se tornar um aliado valioso"
Iago has been freed from the dungeons of the Rat-Queen,Iago foi libertado das masmorras da Rainha Rata
The Queen's Request,O Pedido da Rainha
The Rat Queen has asked me to recover the Harbormaster's Ledger for her,A Rainha Rata me pediu para recuperar o Livro de Registro do Capitão do Porto para ela
She recommends searching the eastern sea-tower,Ela recomenda procurar na torre marítima do leste
We can find that by following the eastern jetty all the way around to the entrance of the harbor,Podemos encontrar isso seguindo o cais do leste por toda a extensão até a entrada do porto
"I recovered the ledger and in return, the queen released Iago","Recuperei o livro de registro e, em troca, a rainha libertou Iago"
There is little love lost there,Não há muito afeto ali
Dying Light,Luz Moribunda
Mathias needs oil for the lighthouse,Mathias precisa de óleo para o farol
I should search for it in the warehouses along the harbor in Horryn once I make my way there,Devo procurá-lo nos armazéns ao longo do porto em Horryn assim que eu for para lá
I found the oil and brought it to Mathias,Encontrei o óleo e o trouxe para Mathias
The lighthouse should be well stocked for now,O farol deve estar bem abastecido por enquanto
"To show his gratitude, Mathias gave me his old broadsword","Para mostrar sua gratidão, Mathias me deu sua velha espada larga"
Fate of the Santa Fury,O Destino do Santa Fury
"According to Carylla the mercenary captain, the wreck of the lost treasure-ship, the Santa Fury, is said to be located here on Idra","De acordo com Carylla, a capitã mercenária, dizem que os destroços do navio de tesouro perdido, o Santa Fury, ficam aqui em Idra"
Perhaps I could find it?,Talvez eu consiga encontrá-lo?
Hidden Clues,Pistas Escondidas
"Carylla the mercenary captain says the Santa Fury is supposed to be found ""on dry land and near the lighthouse"" according to the rumor","Carylla, a capitã mercenária, diz que o Santa Fury supostamente deve ser encontrado ""em terra firme e perto do farol"", de acordo com os boatos"
I should search for it,Devo procurar por ele
Found the Santa Fury - in a sense,Encontrei o Santa Fury - de certa forma
Turns out there is a painting of the ship hanging in the lighthouse,Acontece que há uma pintura do navio pendurada no farol
On the back of the painting was a poem,Atrás da pintura havia um poema
It seems like it might offer directions to something buried in the ground,Parece que ele pode oferecer direções para algo enterrado no chão
Buried Secrets,Secretos Enterrados
"From the back of the ""Santa Fury""","Atrás do ""Santa Fury"""
"Setting out to hide her booty, All within the lighthouse's sight","Partindo para esconder seu saque, Tudo sob a vista do farol"
"leagues south began her trip, ""5 east"" the Captain cried. 4 more north, our valiant ship, Our plunder we shall hide!","léguas ao sul começou sua viagem, ""5 a leste"" o Capitão gritou. Mais 4 ao norte, nosso valente navio, Nosso saque nós vamos esconder!"
Land ahoy!,Terra à vista!
went up the roar,ecoou o clamor
We'll lay our treasure there!,Deixaremos nosso tesouro lá!
"Into the rising sun: 3 more, Then dig and have no fear!","Rumo ao sol nascente: mais 3, Então cave e não tenha medo!"
Pilgrimage,Peregrinação
There are five pilgrim-shines in the Outer Isles and I should attempt to visit all of them,Existem cinco santuários de peregrinos nas Ilhas Exteriores e devo tentar visitar todos eles
I’ve learned the prayer to recite at each of them,Aprendi a prece para recitar em cada um deles
Shrine of Agility,Santuário da Agilidade
I should pray at the Shrine of Agility to receive its blessing,Devo rezar no Santuário da Agilidade para receber sua bênção
The shrine can be found on one of the small islands in the archipelago of the Outer Isles,O santuário pode ser encontrado em uma das pequenas ilhas no arquipélago das Ilhas Exteriores
Shrine of Fortitude,Santuário da Fortitude
I should pray at the Shrine of Fortitude to receive its blessing,Devo rezar no Santuário da Fortitude para receber sua bênção
"The shrine is said to be located somewhere on the island of Eryll, north of Idra","Dizem que o santuário fica em algum lugar na ilha de Eryll, ao norte de Idra"
Shrine of Intellect,Santuário do Intelecto
I should pray at the Shrine of Intellect to receive its blessing,Devo rezar no Santuário do Intelecto para receber sua bênção
The shrine can be found on an island directly east of Idra,O santuário pode ser encontrado em uma ilha diretamente a leste de Idra
Shrine of Presence,Santuário da Presença
I should pray at the Shrine of Presence to receive its blessing,Devo rezar no Santuário da Presença para receber sua bênção
The shrine can be found on Idra - at the island’s northernmost point,O santuário pode ser encontrado em Idra - no ponto mais ao norte da ilha
Shrine of Strength,Santuário da Força
I should pray at the Shrine of Strength to receive its blessing,Devo rezar no Santuário da Força para receber sua bênção
"The shrine is said to be located on Gradla's western coast, near the volcano Karaban","Dizem que o santuário fica na costa oeste de Gradla, perto do vulcão Karaban"
Carnivale,Carnaval
Preparations,Preparativos
The Baron and Baroness of Firgol are putting on a feast called the Carnivale for the commoners of the village of Firgol,O Barão e a Baronesa de Firgol estão organizando uma festa chamada Carnaval para os plebeus do vilarejo de Firgol
"The preparations are taking a bit longer than expected however, and they’ve asked me to see if I can help out","Os preparativos estão demorando um pouco mais do que o esperado, no entanto, e eles me pediram para ver se posso ajudar"
"The Baroness asked me to talk to Ari the brewer, Camilla the weaver and Klara the cook to see if they need my help","A Baronesa me pediu para falar com Ari, o cervejeiro, Camilla, a tecelã, e Klara, a cozinheira, para ver se precisam da minha ajuda"
All three can be found in the main village,Todos os três podem ser encontrados no vilarejo principal
The Brewer,O Cervejeiro
The Baroness of Firgol has asked me to talk to Ari the brewer to see if they need my help in finishing preparations for the Canivale,A Baronesa de Firgol me pediu para falar com Ari, o cervejeiro, para ver se eles precisam da minha ajuda para terminar os preparativos para o Carnaval
Talk to Ari,Falar com Ari
I need to seek out Ari the Brewer,Preciso procurar por Ari, o Cervejeiro
He lives somewhere in the village of Firgol,Ele mora em algum lugar do vilarejo de Firgol
Gnawing at the Roots,Roendo as Raízes
Ari the Brewer in Firgol has asked me to find and clear three mole-burrows in his orchards,Ari, o Cervejeiro em Firgol, pediu para eu encontrar e limpar três tocas de toupeira em seus pomares
They may be well hidden so I might need to search for them,Elas podem estar bem escondidas, então talvez eu precise procurá-las
"Once I find them, I should use a shovel to collapse them","Assim que as encontrar, devo usar uma pá para desmoroná-las"
Once I’m done I am to return to Ari,Assim que terminar, devo voltar até Ari
The orchards are located north of Ari’s house in the village of Firgol,Os pomares ficam ao norte da casa de Ari no vilarejo de Firgol
Burrows Found,Tocas Encontradas
The Cook,A Cozinheira
The Baroness of Firgol has asked me to talk to Klara the cook to see if they need my help in finishing preparations for the Canivale,A Baronesa de Firgol pediu para eu falar com Klara, a cozinheira, para ver se eles precisam da minha ajuda para terminar os preparativos para o Carnaval
Talk to Klara,Falar com Klara
I need to seek out Klara the cook,Preciso procurar por Klara, a cozinheira
She works at the inn in Firgol,Ela trabalha na estalagem em Firgol
Queen's Gambit,Gambito da Rainha
Klara the cook at the inn is preparing honey cakes for the carnivale,Klara, a cozinheira da estalagem, está preparando bolos de mel para o carnaval
She’s asked that I go to the beehives west of the village and fetch her at least one honeycomb of the local 'Firgol honey',Ela pediu para eu ir até as colmeias a oeste do vilarejo e buscar para ela pelo menos um favo do 'mel de Firgol' local
The Weaver,A Tecelã
The Baroness of Firgol has asked me to talk to Camilla the weaver to see if they need my help in finishing preparations for the Canivale,A Baronesa de Firgol pediu para eu falar com Camilla, a tecelã, para ver se precisam da minha ajuda para terminar os preparativos para o Carnaval
Talk to Camilla,Falar com Camilla
I need to seek out Camilla the weaver,Preciso procurar por Camilla, a tecelã
She lives somewhere in the village of Firgol,Ela mora em algum lugar do vilarejo de Firgol
A Song for Camilla,Uma Canção para Camilla
Camilla the weaver has a crush on a woman named Cass,Camilla, a tecelã, está caidinha por uma mulher chamada Cass
Unfortunately she fears her love is unrequited and has asked me to talk to Cass on her behalf,Infelizmente ela teme que seu amor não seja correspondido e pediu para eu falar com Cass em seu nome
She suggests I search for Cass along the bed of the lake or creek that runs past Firgol,Ela sugere que eu procure por Cass ao longo do leito do lago ou riacho que passa por Firgol
Such Wonders,Tais Maravilhas
Carnivale is upon you!,O Carnaval chegou!
Eat!,Comam!
Drink!,Bebam!
Revel!,Divirtam-se!
You must partake in all the wonders of the Carnivale!,Você deve participar de todas as maravilhas do Carnaval!
Try the drink at the Carnevale!,Experimente a bebida no Carnaval!
Sample the food at the Carnivale,Prove a comida no Carnaval
Give in to the music of the Carnivale,Entregue-se à música do Carnaval
The Surprise,A Surpresa
Enjoy the rest of the night,Aproveite o resto da noite
The Finale,O Final
Storm the Firgol manor,Inva a mansão de Firgol
The Baron's Play,A Peça do Barão
The Baron's play is about to begin,A peça do Barão está prestes a começar
Take your place in front of the stage,Tome o seu lugar em frente ao palco
The Tower of Ash,A Torre de Cinzas
We met a strange man on Idra who beseeched us to travel to an island just north of Idra called Eryll and seek out ‘The Tower of Ash’,Conhecemos um homem estranho em Idra que nos suplicou para viajar até uma ilha ao norte de Idra chamada Eryll e procurar por 'A Torre de Cinzas'
Apparently his master is somehow in dire straits and in need of aid,Pelo visto o mestre dele está em uma situação difícil e precisando de ajuda
"Though not much more could be learned from the man, I suspect his master may in fact be a Magos of quite some power","Embora não se tenha descoberto muito mais com o homem, suspeito que o mestre dele possa ser, na verdade, um Magos de considerável poder"
To the Tower,Para a Torre
I've been asked to travel to the island of Eryll,Pediram para eu viajar até a ilha de Eryll
It lies a short distance north of Idra but still south of Gradla,Ela fica a uma curta distância ao norte de Idra, mas ainda ao sul de Gradla
There I must find ‘The Tower of Ash’ and venture to learn more of the plight of its ‘Master’,Lá devo encontrar 'A Torre de Cinzas' e me aventurar para saber mais sobre a situação difícil do seu 'Mestre'
Down Below,Lá Embaixo
I met the strange apprentices of a Magos by the name of Calipero,Conheci os estranhos aprendizes de um Magos chamado Calipero
He seems to be missing in the halls underneath the tower and the apprentices are desperate to see him returned,Ele parece estar desaparecido nos salões embaixo da torre e os aprendizes estão desesperados para vê-lo de volta
The entrance to the dungeons below can be found under the mercury pool on the ground floor of the tower,A entrada para as masmorras abaixo pode ser encontrada sob a piscina de mercúrio no andar térreo da torre
Apparently the entrance will somehow reveal itself if I blow the silver flute given to me by the apprentices,Pelo visto a entrada vai se revelar de alguma forma se eu soprar a flauta de prata que os aprendizes me deram
Salts of Elthanyr,Sais de Elthanyr
"As I entered the dungeon, I was contacted through magical means by Calipero himself","Assim que entrei na masmorra, fui contatado por meios mágicos pelo próprio Calipero"
It seems he is locked in an arcane stale-mate with some creature he tried to call forth from beyond,Parece que ele está preso em um impasse arcano com alguma criatura que tentou invocar do além
To free himself he has asked that we create something called the Salts of Elthanyr and bring it to his summoning chambers beneath the main dungeon,Para se libertar, ele pediu que criássemos algo chamado Sais de Elthanyr e o levássemos para suas câmaras de invocação sob a masmorra principal
Ingredient Hunt,Caça aos Ingredientes
To craft the Salts of Elthanyr I need to find the 'Protoplasmic Catalyzer' and add the following ingredients is this exact order,Para fabricar os Sais de Elthanyr, preciso encontrar o 'Catalisador Protoplasmático' e adicionar os seguintes ingredientes nesta ordem exata
First add Sylversalt,Primeiro adicione Sylversalt
"Second, add Salamander’s Horn","Segundo, adicione Chifre de Salamandra"
"Finally, add Lotus Petals","Por fim, adicione Pétalas de Loto"
I'm sure these ingredients as well as the 'Protoplasmic Catalyzer' can be found in this very dungeon,Tenho certeza de que esses ingredientes, assim como o 'Catalisador Protoplasmático', podem ser encontrados nesta mesma masmorra
The Recipe,A Receita
For starters I need to find the recipe for Salts of Elthanyr,Para começar, preciso encontrar a receita dos Sais de Elthanyr
Hopefully the recipe can be found somewhere in this dungeon,Com sorte, a receita poderá ser encontrada em algum lugar desta masmorra
The Summoning Chamber,A Câmara de Invocação
I've crafted the Salts of Elthanyr,Fabriquei os Sais de Elthanyr
Now I need to make my way down Calipero's Summoning Chambers and assist him as best I can,Agora preciso descer até as Câmaras de Invocação de Calipero e ajudá-lo da melhor forma possível
Vomit Cups,Cogumelos do Vômito
"Esteban, the alchemist in the Underhalls under Horryn, has asked me to find some ‘vomit cup’ fungi for him","Esteban, o alquimista nos Salões Subterrâneos sob Horryn, pediu para eu encontrar alguns fungos 'cogumelo do vômito' para ele"
They are large green fungi that smell horribly,Eles são fungos verdes grandes que cheiramrivelmente
He explains that they grow in caves adjoining the Underhalls,Ele explica que eles crescem em cavernas adjacentes aos Salões Subterrâneos
These caves can be accessed through a barred gate west of the Rat-Queens court,Essas cavernas podem ser acessadas por um portão de grades a oeste da corte da Rainha Rata
The area is off-limits and a guard patrols it,A área é proibida e um guarda a patrulha
"Once past the gate, I should make a left turn and find the chamber where the vomit cups grow","Assim que passar pelo portão, devo virar à esquerda e encontrar a câmara onde os cogumelos do vômito crescem"
"Afterwards, I’ll return to Esteban for my rewards as well as access to his alchemical supplies","Depois, voltarei até Esteban para receber minhas recompensas, bem como o acesso aos seus suprimentos alquímicos"
